<!--代码所在文件相对路径：odoo\addons\mail\security\mail_security.xml-->
 <odoo>
    <record id="ir_rule_demotodo_member_is_self_all" model="ir.rule">
        <field name="name">DemoToDoIrRule</field>
        <field name="model_id" ref="panexlogi.demotodo"/>
        <field name="groups"
            eval="[
                Command.link(ref('panexLogi.groups_panex_logistic_manager')),
                Command.link(ref('panexLogi.groups_panex_logistic_user1')),
                Command.link(ref('panexLogi.groups_panex_logistic_user2')),
            ]"
        />
        <field name="domain_force">[('project.group', 'in', user.groups_id.ids)]</field>
        <field name="perm_read" eval="True"/>
        <field name="perm_write" eval="True"/>
        <field name="perm_create" eval="True"/>
        <field name="perm_unlink" eval="True"/>
    </record>
 </odoo>